student_IDs,preference
catastrophal_kodiakbear,"Chocolate, Strawberry, Rocky Road"
semiemotional_leech,"Chocolate, Pistachio, Strawberry"
abstracted_tarantula,"Vanilla, Strawberry, Pistachio"
starry_indianglassfish,"Chocolate, Mocha, Rocky Road"
domesticated_islandwhistler,"Chocolate, Mocha, Strawberry"
patient_tigermoth,"Chocolate, Strawberry, Pistachio"
aichmophobic_tahr,"Vanilla, Strawberry, Mocha"
especial_gull,"Vanilla, Fudge, Pistachio"
nonsecular_skink,"Vanilla, Strawberry, Fudge"
blondish_moose,"Chocolate, Rocky Road, Mocha"
gratuitous_buckeyebutterfly,"Chocolate, Rocky Road, Strawberry"
lipophobic_unicorn,"Chocolate, Mocha, Rocky Road"
unamorous_cusimanse,"Chocolate, Fudge, Mocha"
gracious_gordonsetter,"Vanilla, Pistachio, Fudge"
teensy_xenopus,"Chocolate, Strawberry, Pistachio"
philharmonic_pug,"Vanilla, Fudge, Pistachio"
doctorial_gharial,"Chocolate, Pistachio, Strawberry"
dutybound_mamba,"Chocolate, Fudge, Strawberry"
experimental_dikdik,"Vanilla, Strawberry, Rocky Road"
deliberate_maiasaura,"Vanilla, Mocha, Pistachio"
dragonlike_cuscus,"Chocolate, Rocky Road, Mocha"
deliberative_liger,"Chocolate, Mocha, Rocky Road"
anthropoid_raccoon,"Vanilla, Strawberry, Mocha"
vanillic_janenschia,"Vanilla, Pistachio, Rocky Road"
deformable_hummingbird,"Vanilla, Pistachio, Fudge"
proscholastic_nabarlek,"Vanilla, Fudge, Rocky Road"
priestless_asiandamselfly,"Chocolate, Strawberry, Rocky Road"
statuelike_solenodon,"Chocolate, Pistachio, Rocky Road"
consummate_albacoretuna,"Chocolate, Mocha, Pistachio"
supportive_atlanticbluetang,"Vanilla, Pistachio, Mocha"
corrupted_indusriverdolphin,"Chocolate, Strawberry, Pistachio"
elvish_nakedmolerat,"Chocolate, Fudge, Pistachio"
lamproite_mantid,"Vanilla, Mocha, Strawberry"
credible_taruca,"Vanilla, Fudge, Rocky Road"
crafty_cobra,"Chocolate, Fudge, Rocky Road"
hexahedral_eastsiberianlaika,"Vanilla, Strawberry, Pistachio"
sibling_galapagostortoise,"Vanilla, Pistachio, Mocha"
scribophobic_bumblebee,"Vanilla, Fudge, Pistachio"
unholy_stoat,"Vanilla, Mocha, Fudge"
crushable_milkweedbug,"Vanilla, Mocha, Fudge"
androphagous_erne,"Chocolate, Rocky Road, Fudge"
glaciologic_wryneck,"Chocolate, Fudge, Pistachio"
unfeared_purplemarten,"Vanilla, Pistachio, Rocky Road"
preartistic_yosemitetoad,"Chocolate, Fudge, Pistachio"
distrustful_myotis,"Chocolate, Mocha, Rocky Road"
pitchdark_buckeyebutterfly,"Vanilla, Mocha, Fudge"
generic_hamadryas,"Chocolate, Rocky Road, Pistachio"
unthinkable_rat,"Vanilla, Pistachio, Strawberry"
lignite_riograndeescuerzo,"Vanilla, Strawberry, Pistachio"
stricken_amoeba,"Vanilla, Fudge, Pistachio"
terrorful_sphinx,"Chocolate, Pistachio, Rocky Road"
streaky_uintagroundsquirrel,"Vanilla, Strawberry, Rocky Road"
planispherical_wasp,"Vanilla, Pistachio, Mocha"
shocked_indigowingedparrot,"Vanilla, Pistachio, Strawberry"
semiacidic_boaconstrictor,"Chocolate, Rocky Road, Mocha"
nonrationalistical_bantamrooster,"Chocolate, Strawberry, Pistachio"
picturesque_pupfish,"Vanilla, Strawberry, Rocky Road"
monarchical_newtnutria,"Chocolate, Rocky Road, Mocha"
determinative_quahog,"Vanilla, Rocky Road, Mocha"
misogynic_gelding,"Vanilla, Pistachio, Mocha"
polynuclear_bufeo,"Chocolate, Mocha, Strawberry"
droll_basilisk,"Vanilla, Rocky Road, Strawberry"
duskish_mastiff,"Chocolate, Mocha, Pistachio"
expensive_horseshoecrab,"Vanilla, Pistachio, Fudge"
pintsize_octopus,"Chocolate, Pistachio, Fudge"
unodoriferous_arrowana,"Chocolate, Rocky Road, Strawberry"
nonsecular_sturgeon,"Vanilla, Strawberry, Pistachio"
palaeobotanic_dotterel,"Vanilla, Mocha, Strawberry"
dandriffy_cleanerwrasse,"Vanilla, Strawberry, Pistachio"
increased_eyra,"Chocolate, Rocky Road, Strawberry"
wellknown_germanspitz,"Vanilla, Mocha, Rocky Road"
reanalyzable_waterbug,"Vanilla, Rocky Road, Strawberry"
presentient_jenny,"Chocolate, Mocha, Pistachio"
apiologic_pygmy,"Chocolate, Fudge, Rocky Road"
fierce_chanticleer,"Vanilla, Fudge, Mocha"
palish_hogget,"Vanilla, Strawberry, Fudge"
beamish_vulpesvulpes,"Chocolate, Mocha, Rocky Road"
undrinkable_harvestmouse,"Vanilla, Strawberry, Rocky Road"
spheral_scoter,"Chocolate, Fudge, Rocky Road"
lowly_flounder,"Chocolate, Mocha, Strawberry"
costly_xenopterygii,"Chocolate, Mocha, Pistachio"
untheologic_verdin,"Chocolate, Fudge, Pistachio"
forgeable_hydra,"Vanilla, Strawberry, Pistachio"
acidy_stagbeetle,"Vanilla, Rocky Road, Strawberry"
thermodynamic_metalmarkbutterfly,"Vanilla, Fudge, Mocha"
leachy_centipede,"Vanilla, Pistachio, Fudge"
carnivoral_xantusmurrelet,"Vanilla, Pistachio, Strawberry"
vinicultural_fieldspaniel,"Vanilla, Strawberry, Pistachio"
corrupting_marten,"Chocolate, Strawberry, Rocky Road"
curium_inexpectatumpleco,"Chocolate, Strawberry, Mocha"
grownup_gibbon,"Chocolate, Rocky Road, Fudge"
diffractive_woodnymphbutterfly,"Chocolate, Pistachio, Rocky Road"
tainted_irishwaterspaniel,"Chocolate, Rocky Road, Strawberry"
autonomous_tayra,"Vanilla, Strawberry, Rocky Road"
uncalorific_sugarglider,"Vanilla, Rocky Road, Fudge"
homicidal_macaque,"Vanilla, Strawberry, Pistachio"
nonartistic_portuguesemanofwar,"Chocolate, Pistachio, Strawberry"
ranidaphobic_bellsnake,"Chocolate, Fudge, Mocha"
circumstantial_trumpeterbird,"Chocolate, Strawberry, Rocky Road"
honeysweet_hartebeest,"Chocolate, Pistachio, Rocky Road"
complicated_italiangreyhound,"Chocolate, Pistachio, Mocha"
superstylish_equestrian,"Chocolate, Fudge, Mocha"
ionic_cardinal,"Vanilla, Rocky Road, Mocha"
supernaturalistic_albatross,"Vanilla, Strawberry, Pistachio"
panicky_peacock,"Vanilla, Strawberry, Rocky Road"
cognitive_human,"Chocolate, Strawberry, Rocky Road"
instrumental_metamorphosis,"Chocolate, Strawberry, Mocha"
nonevolutionary_willet,"Chocolate, Pistachio, Mocha"
dandriffy_shoveler,"Chocolate, Mocha, Fudge"
gynophobic_alaskanhusky,"Vanilla, Strawberry, Mocha"
domineering_verdin,"Chocolate, Rocky Road, Pistachio"
senior_xanthareel,"Vanilla, Mocha, Rocky Road"
monocultural_foxhound,"Vanilla, Mocha, Fudge"
exalted_sow,"Chocolate, Rocky Road, Fudge"
stoic_arcticduck,"Chocolate, Pistachio, Rocky Road"
apiological_yak,"Chocolate, Rocky Road, Strawberry"
remorseful_armedcrab,"Chocolate, Mocha, Fudge"
blissful_australianshelduck,"Chocolate, Rocky Road, Mocha"
insomniac_duckbillcat,"Chocolate, Fudge, Rocky Road"
creamcolored_grub,"Chocolate, Fudge, Strawberry"
venal_archaeocete,"Chocolate, Fudge, Pistachio"
palaeophilic_umbrette,"Chocolate, Fudge, Rocky Road"
purplish_goshawk,"Chocolate, Pistachio, Strawberry"
chuckleheaded_stilt,"Vanilla, Pistachio, Fudge"
disillusioned_mouse,"Chocolate, Pistachio, Mocha"
patricidal_andeancockoftherock,"Vanilla, Strawberry, Fudge"
local_xiphosuran,"Chocolate, Fudge, Mocha"
chronometrical_bluebreastedkookaburra,"Chocolate, Pistachio, Rocky Road"
confident_argentinehornedfrog,"Chocolate, Fudge, Mocha"
sportful_teal,"Chocolate, Pistachio, Mocha"
physiological_baboon,"Vanilla, Rocky Road, Pistachio"
amphitheatric_creature,"Chocolate, Rocky Road, Pistachio"
yellow_buck,"Vanilla, Mocha, Fudge"
antioptimistical_ringworm,"Vanilla, Rocky Road, Mocha"
leady_shibainu,"Vanilla, Rocky Road, Pistachio"
underage_hawaiianmonkseal,"Chocolate, Fudge, Pistachio"
convective_dogwoodtwigborer,"Vanilla, Pistachio, Rocky Road"
hippophobic_goose,"Chocolate, Pistachio, Rocky Road"
nonacculturated_beauceron,"Chocolate, Fudge, Rocky Road"
carnelian_gartersnake,"Vanilla, Pistachio, Fudge"
americium_guineafowl,"Chocolate, Strawberry, Fudge"
corduroy_warbler,"Vanilla, Pistachio, Mocha"
uninterested_ptarmigan,"Vanilla, Fudge, Strawberry"
sassy_nematode,"Vanilla, Rocky Road, Fudge"
antiviral_cow,"Vanilla, Strawberry, Pistachio"
haptephobic_gull,"Chocolate, Strawberry, Rocky Road"
crustaceous_irishdraughthorse,"Vanilla, Strawberry, Mocha"
ambigious_hornedtoad,"Vanilla, Fudge, Rocky Road"
hotheaded_krill,"Chocolate, Fudge, Mocha"
stable_germanshepherd,"Chocolate, Pistachio, Fudge"
nonchurchgoing_nyala,"Chocolate, Fudge, Strawberry"
eventempered_birdofparadise,"Chocolate, Strawberry, Mocha"
selfconceited_swan,"Chocolate, Rocky Road, Mocha"
chromatnic_cock,"Chocolate, Strawberry, Pistachio"
selfteaching_magpie,"Chocolate, Strawberry, Fudge"
tattooed_fieldspaniel,"Vanilla, Rocky Road, Mocha"
worried_blackfish,"Chocolate, Rocky Road, Pistachio"
tyrannical_coelacanth,"Chocolate, Pistachio, Mocha"
homey_chital,"Chocolate, Pistachio, Strawberry"
couped_frillneckedlizard,"Chocolate, Fudge, Rocky Road"
involved_beardeddragon,"Chocolate, Strawberry, Pistachio"
little_nandoo,"Chocolate, Rocky Road, Mocha"
warriorlike_americancrocodile,"Chocolate, Pistachio, Strawberry"
oversize_muntjac,"Chocolate, Mocha, Rocky Road"
minor_malamute,"Chocolate, Mocha, Rocky Road"
embracive_globefish,"Chocolate, Mocha, Pistachio"
restrictive_taruca,"Vanilla, Strawberry, Mocha"
reputable_lunamoth,"Chocolate, Mocha, Strawberry"
fabric_bluebottle,"Chocolate, Strawberry, Mocha"
bashful_tilefish,"Chocolate, Fudge, Rocky Road"
subterranean_arrowcrab,"Vanilla, Strawberry, Fudge"
womanly_asp,"Chocolate, Mocha, Fudge"
derivative_europeanfiresalamander,"Chocolate, Fudge, Strawberry"
gymnasial_puppy,"Vanilla, Fudge, Mocha"
nonritualistic_sheep,"Chocolate, Mocha, Rocky Road"
naggy_annashummingbird,"Chocolate, Pistachio, Strawberry"
astronomical_atlanticspadefish,"Vanilla, Pistachio, Strawberry"
odourless_fiddlercrab,"Vanilla, Rocky Road, Strawberry"
heedful_rattail,"Chocolate, Fudge, Rocky Road"
tridymite_blackcrappie,"Vanilla, Strawberry, Mocha"
unworthy_atlanticspadefish,"Vanilla, Rocky Road, Mocha"
preeconomic_groundhog,"Vanilla, Pistachio, Mocha"
rayon_europeanfiresalamander,"Chocolate, Strawberry, Mocha"
sweet_fly,"Chocolate, Rocky Road, Fudge"
ittybitty_mousebird,"Vanilla, Rocky Road, Fudge"
unsightly_velvetworm,"Vanilla, Rocky Road, Mocha"
sericultural_equine,"Vanilla, Strawberry, Fudge"
dry_annashummingbird,"Chocolate, Strawberry, Fudge"
southernmost_copepod,"Vanilla, Fudge, Mocha"
humoristic_jellyfish,"Vanilla, Fudge, Rocky Road"
gastric_bettong,"Vanilla, Mocha, Rocky Road"
antigravitational_mongoose,"Chocolate, Pistachio, Mocha"
charitable_kob,"Vanilla, Strawberry, Fudge"
condensable_americanbittern,"Chocolate, Rocky Road, Strawberry"
susceptible_boaconstrictor,"Vanilla, Pistachio, Fudge"
pentangular_blacknorwegianelkhound,"Chocolate, Pistachio, Strawberry"
unsanitized_barracuda,"Chocolate, Rocky Road, Pistachio"
overburdened_kiskadee,"Vanilla, Fudge, Pistachio"
extranuclear_kinglet,"Chocolate, Rocky Road, Pistachio"
overdestructive_squirrel,"Chocolate, Fudge, Mocha"
errable_beauceron,"Chocolate, Rocky Road, Fudge"
everyday_gemsbuck,"Chocolate, Pistachio, Rocky Road"
paradoxal_kudu,"Vanilla, Fudge, Mocha"
gadgety_grub,"Chocolate, Pistachio, Fudge"
piratic_northernelephantseal,"Vanilla, Strawberry, Mocha"
hexed_mule,"Chocolate, Rocky Road, Mocha"
dissatisfied_snowmonkey,"Chocolate, Strawberry, Mocha"
weary_americansaddlebred,"Chocolate, Fudge, Mocha"
psychogenic_kakarikis,"Vanilla, Strawberry, Pistachio"
continual_adeliepenguin,"Vanilla, Strawberry, Pistachio"
titanous_americancrow,"Vanilla, Pistachio, Rocky Road"
reliable_emperorshrimp,"Vanilla, Fudge, Mocha"
teal_starling,"Vanilla, Strawberry, Rocky Road"
frouzy_coyote,"Chocolate, Mocha, Rocky Road"
necrophagous_gibbon,"Vanilla, Rocky Road, Pistachio"
oriental_buckeyebutterfly,"Chocolate, Strawberry, Pistachio"
aqueous_polliwog,"Chocolate, Strawberry, Mocha"
dippy_cirriped,"Chocolate, Mocha, Pistachio"
smalltime_tragopan,"Vanilla, Rocky Road, Strawberry"
aware_mole,"Chocolate, Mocha, Pistachio"
cleanable_antlion,"Vanilla, Strawberry, Mocha"
taming_americancurl,"Chocolate, Pistachio, Strawberry"
haywire_albatross,"Vanilla, Strawberry, Rocky Road"
continuous_puppy,"Chocolate, Fudge, Strawberry"
georgiaite_chevrotain,"Chocolate, Strawberry, Rocky Road"
intercranial_uromastyxspinipes,"Chocolate, Strawberry, Rocky Road"
certificatory_mockingbird,"Chocolate, Rocky Road, Strawberry"
diamant_xiphias,"Chocolate, Rocky Road, Fudge"
wormish_rottweiler,"Vanilla, Mocha, Pistachio"
waterborne_macaque,"Vanilla, Pistachio, Rocky Road"
agate_deinonychus,"Vanilla, Mocha, Strawberry"
persnickety_seahog,"Vanilla, Pistachio, Strawberry"
paleopsychological_whippoorwill,"Vanilla, Strawberry, Mocha"
metamorphic_zander,"Vanilla, Rocky Road, Fudge"
fair_leafcutterant,"Vanilla, Rocky Road, Strawberry"
indigoid_pitbull,"Vanilla, Rocky Road, Strawberry"
therapeutic_mule,"Vanilla, Pistachio, Mocha"
uncheerful_gelding,"Vanilla, Mocha, Strawberry"
heartwhole_eft,"Vanilla, Rocky Road, Pistachio"
hasteless_hippopotamus,"Chocolate, Rocky Road, Fudge"
expedient_bass,"Chocolate, Mocha, Pistachio"
nonprophetical_songbird,"Chocolate, Pistachio, Mocha"
albinistic_africanporcupine,"Chocolate, Fudge, Mocha"
zincky_sableantelope,"Vanilla, Rocky Road, Mocha"
paediatric_galago,"Chocolate, Fudge, Strawberry"
existent_gartersnake,"Vanilla, Mocha, Rocky Road"
communicatory_americanwigeon,"Vanilla, Fudge, Strawberry"
intragovernmental_dikdik,"Chocolate, Rocky Road, Strawberry"
petulant_wildebeest,"Vanilla, Pistachio, Strawberry"
unirritable_junebug,"Vanilla, Rocky Road, Pistachio"
delectable_badger,"Vanilla, Pistachio, Rocky Road"
subsolar_stegosaurus,"Vanilla, Strawberry, Mocha"
befuddling_borer,"Chocolate, Mocha, Fudge"
misanthropic_nightingale,"Vanilla, Rocky Road, Strawberry"
unspecialized_iberianemeraldlizard,"Chocolate, Pistachio, Rocky Road"
tenderhearted_titi,"Chocolate, Fudge, Strawberry"
deep_urial,"Chocolate, Pistachio, Strawberry"
transcrystalline_dorado,"Vanilla, Pistachio, Rocky Road"
leftist_cheetah,"Chocolate, Mocha, Rocky Road"
archeological_asiantrumpetfish,"Chocolate, Rocky Road, Strawberry"
crazy_chevrotain,"Chocolate, Rocky Road, Fudge"
condensational_rook,"Chocolate, Mocha, Pistachio"
gastrovascular_shrike,"Vanilla, Rocky Road, Mocha"
acidforming_shihtzu,"Vanilla, Rocky Road, Pistachio"
pugnacious_lowchen,"Chocolate, Mocha, Fudge"
pancreatic_nijssenissdwarfchihlid,"Vanilla, Mocha, Fudge"
unlovely_waterdogs,"Vanilla, Rocky Road, Pistachio"
illdisposed_zebrafish,"Chocolate, Mocha, Strawberry"
derivational_galapagosmockingbird,"Chocolate, Rocky Road, Pistachio"
hyperangelic_yellowjacket,"Vanilla, Rocky Road, Mocha"
skilled_dodo,"Vanilla, Fudge, Strawberry"
botchy_burro,"Vanilla, Strawberry, Fudge"
dorsispinal_icelandichorse,"Chocolate, Fudge, Rocky Road"
agile_dogfish,"Vanilla, Pistachio, Rocky Road"
fireretardant_rottweiler,"Vanilla, Strawberry, Fudge"
isopolitical_americancrayfish,"Chocolate, Strawberry, Rocky Road"
civilized_rainbowlorikeet,"Vanilla, Fudge, Strawberry"
beggarly_bergerpicard,"Vanilla, Rocky Road, Strawberry"
mazelike_nighthawk,"Chocolate, Fudge, Rocky Road"
ruby_gypsymoth,"Vanilla, Strawberry, Rocky Road"
poachable_atlanticblackgoby,"Chocolate, Mocha, Rocky Road"
gossipy_peccary,"Vanilla, Pistachio, Fudge"
converted_foxterrier,"Vanilla, Pistachio, Strawberry"
chargeable_bluetonguelizard,"Vanilla, Strawberry, Pistachio"
sublimational_megalosaurus,"Vanilla, Rocky Road, Strawberry"
regrettable_norwayrat,"Chocolate, Fudge, Rocky Road"
inextinguishable_vampirebat,"Vanilla, Pistachio, Fudge"
viceregal_schipperke,"Vanilla, Rocky Road, Pistachio"
ophthalmological_harrierhawk,"Vanilla, Mocha, Strawberry"
nonproift_xenops,"Chocolate, Mocha, Fudge"
undefeatable_blacknorwegianelkhound,"Vanilla, Pistachio, Strawberry"
becoming_atlanticsharpnosepuffer,"Chocolate, Rocky Road, Fudge"
pedagogical_irrawaddydolphin,"Chocolate, Fudge, Strawberry"
short_heterodontosaurus,"Vanilla, Mocha, Fudge"
unpleasing_spiketail,"Vanilla, Fudge, Rocky Road"
dreamlike_fulmar,"Vanilla, Strawberry, Mocha"
attack_arabianoryx,"Vanilla, Pistachio, Strawberry"
asyllabic_alpinegoat,"Chocolate, Rocky Road, Pistachio"
cryptographical_canine,"Vanilla, Strawberry, Mocha"
rockable_azurevasesponge,"Chocolate, Fudge, Mocha"
witching_anhinga,"Chocolate, Strawberry, Rocky Road"
fizzy_pussycat,"Vanilla, Strawberry, Mocha"
wayward_wildebeast,"Vanilla, Pistachio, Strawberry"
decomposed_basilisk,"Vanilla, Fudge, Strawberry"
medical_grasshopper,"Vanilla, Pistachio, Fudge"
antarthritic_collardlizard,"Vanilla, Rocky Road, Mocha"
cottony_mouflon,"Vanilla, Rocky Road, Mocha"
turtleshell_scarletibis,"Chocolate, Strawberry, Mocha"
werewolflike_bushsqueaker,"Chocolate, Mocha, Pistachio"
freezable_sanddollar,"Vanilla, Rocky Road, Pistachio"
sweettempered_robberfly,"Vanilla, Mocha, Fudge"
livid_firefly,"Chocolate, Fudge, Pistachio"
collective_rockrat,"Vanilla, Mocha, Pistachio"
unkindhearted_scarab,"Chocolate, Mocha, Strawberry"
dizzy_amazontreeboa,"Chocolate, Pistachio, Mocha"
managing_copepod,"Vanilla, Fudge, Strawberry"
oceanic_zebraswallowtailbutterfly,"Chocolate, Strawberry, Pistachio"
alphameric_lynx,"Vanilla, Fudge, Pistachio"
downtrodden_collie,"Chocolate, Strawberry, Rocky Road"
peachy_myna,"Chocolate, Rocky Road, Pistachio"
deferable_weevil,"Chocolate, Fudge, Strawberry"
revengeful_degus,"Chocolate, Mocha, Strawberry"
siderophyllite_rabbit,"Vanilla, Mocha, Pistachio"
chivalrous_schipperke,"Chocolate, Strawberry, Fudge"
superbeloved_caecilian,"Chocolate, Strawberry, Pistachio"
hygrophilic_silkworm,"Vanilla, Pistachio, Rocky Road"
miry_tapaculo,"Vanilla, Strawberry, Fudge"
handdrawn_drake,"Vanilla, Fudge, Rocky Road"
reedy_belugawhale,"Vanilla, Fudge, Pistachio"
metalline_chamois,"Vanilla, Rocky Road, Fudge"
nonacademical_coyote,"Vanilla, Rocky Road, Strawberry"
brittle_hornedtoad,"Vanilla, Mocha, Pistachio"
astrophilic_barnowl,"Chocolate, Mocha, Rocky Road"
fluffy_chicken,"Chocolate, Rocky Road, Pistachio"
geographical_queenant,"Vanilla, Fudge, Rocky Road"
cryptozoic_chuckwalla,"Chocolate, Rocky Road, Strawberry"
marmatite_chanticleer,"Chocolate, Rocky Road, Pistachio"
statistical_grunion,"Chocolate, Pistachio, Strawberry"
saddened_opossum,"Vanilla, Fudge, Strawberry"
superangelic_fantail,"Vanilla, Mocha, Strawberry"
fishable_erne,"Chocolate, Rocky Road, Fudge"
heartwhole_nautilus,"Chocolate, Rocky Road, Mocha"
congregational_joey,"Chocolate, Rocky Road, Fudge"
cerise_javalina,"Vanilla, Fudge, Mocha"
incognisant_bluetonguelizard,"Chocolate, Mocha, Rocky Road"
acidulous_americancurl,"Chocolate, Rocky Road, Fudge"
gratuitous_pitbull,"Vanilla, Fudge, Strawberry"
priceless_huia,"Chocolate, Mocha, Fudge"
bleak_hoatzin,"Chocolate, Fudge, Strawberry"
pseudozoological_ilsamochadegu,"Vanilla, Fudge, Mocha"
cuddly_gorilla,"Chocolate, Fudge, Strawberry"
confined_americansaddlebred,"Vanilla, Strawberry, Mocha"
concretionary_tegus,"Vanilla, Rocky Road, Fudge"
disconsolate_banteng,"Vanilla, Strawberry, Pistachio"
garlicky_atlanticbluetang,"Vanilla, Mocha, Rocky Road"
inherited_andalusianhorse,"Chocolate, Pistachio, Strawberry"
paleozoologic_raven,"Chocolate, Strawberry, Rocky Road"
kosher_burro,"Vanilla, Rocky Road, Strawberry"
acceptable_marlin,"Vanilla, Fudge, Strawberry"
frouzy_watussi,"Vanilla, Strawberry, Rocky Road"
full_leveret,"Vanilla, Strawberry, Fudge"
detachable_japanesebeetle,"Vanilla, Strawberry, Rocky Road"
creamy_barasingha,"Chocolate, Fudge, Mocha"
bediasite_norwayrat,"Vanilla, Pistachio, Rocky Road"
unalphabetic_gelada,"Vanilla, Pistachio, Fudge"
symbolic_longhornbeetle,"Vanilla, Mocha, Strawberry"
vermicular_globefish,"Vanilla, Pistachio, Rocky Road"
swinish_auklet,"Chocolate, Fudge, Mocha"
dirgeful_gerbil,"Chocolate, Rocky Road, Pistachio"
aerodynamic_whale,"Vanilla, Mocha, Strawberry"
weary_roadrunner,"Vanilla, Pistachio, Strawberry"
carroty_kangaroo,"Vanilla, Rocky Road, Mocha"
rubbly_darklingbeetle,"Vanilla, Pistachio, Fudge"
convenable_okapi,"Chocolate, Mocha, Strawberry"
runty_flee,"Vanilla, Pistachio, Rocky Road"
herpetologic_nematode,"Vanilla, Strawberry, Rocky Road"
halfwhite_noctilio,"Vanilla, Rocky Road, Pistachio"
alphabetical_racerunner,"Chocolate, Fudge, Strawberry"
soldierlike_blackbuck,"Chocolate, Strawberry, Pistachio"
hallucinative_oxen,"Vanilla, Mocha, Rocky Road"
chromophobic_pomeranian,"Vanilla, Fudge, Pistachio"
destructive_bonobo,"Chocolate, Fudge, Rocky Road"
misogynic_scarletibis,"Vanilla, Pistachio, Strawberry"
promonarchy_bedbug,"Vanilla, Rocky Road, Strawberry"
guiltless_trout,"Chocolate, Fudge, Pistachio"
crying_olm,"Vanilla, Rocky Road, Strawberry"
antiheroic_goosefish,"Vanilla, Strawberry, Rocky Road"
urban_barracuda,"Chocolate, Rocky Road, Pistachio"
cocky_porcupine,"Vanilla, Fudge, Mocha"
femoral_gazelle,"Vanilla, Rocky Road, Strawberry"
gummy_finnishspitz,"Vanilla, Mocha, Strawberry"
paraffin_walleye,"Chocolate, Fudge, Pistachio"
symphonious_roebuck,"Chocolate, Pistachio, Rocky Road"
cut_archerfish,"Chocolate, Fudge, Mocha"
disgraceful_starfish,"Chocolate, Strawberry, Fudge"
ignored_marten,"Chocolate, Mocha, Rocky Road"
linguistic_yeti,"Vanilla, Mocha, Fudge"
tautological_quokka,"Vanilla, Rocky Road, Pistachio"
airborne_sableantelope,"Vanilla, Rocky Road, Fudge"
baby_nettlefish,"Chocolate, Fudge, Strawberry"
deformative_reynard,"Vanilla, Pistachio, Strawberry"
succinct_noolbenger,"Vanilla, Rocky Road, Mocha"
teenyweeny_hammerkop,"Chocolate, Mocha, Fudge"
apian_quoll,"Vanilla, Strawberry, Mocha"
soppy_owlbutterfly,"Chocolate, Mocha, Strawberry"
nontheatrical_basenji,"Vanilla, Pistachio, Strawberry"
warmish_australiankestrel,"Chocolate, Mocha, Strawberry"
nonacculturated_furseal,"Chocolate, Mocha, Pistachio"
convictive_bug,"Vanilla, Pistachio, Mocha"
lagging_snipe,"Chocolate, Strawberry, Mocha"
ostentatious_iberianlynx,"Vanilla, Pistachio, Rocky Road"
joking_goldfish,"Chocolate, Rocky Road, Mocha"
grouchy_blackmamba,"Chocolate, Strawberry, Mocha"
crystal_vipersquid,"Chocolate, Pistachio, Fudge"
motionless_asiansmallclawedotter,"Vanilla, Strawberry, Pistachio"
renegotiable_gonolek,"Vanilla, Rocky Road, Strawberry"
adversarial_fluke,"Vanilla, Strawberry, Mocha"
snowy_dogfish,"Vanilla, Rocky Road, Strawberry"
pinkish_echidna,"Vanilla, Pistachio, Rocky Road"
planetoidal_zebratailedlizard,"Chocolate, Mocha, Fudge"
horsy_seagull,"Vanilla, Fudge, Pistachio"
unpleasant_yellowbelliedmarmot,"Vanilla, Strawberry, Fudge"
fameless_sable,"Chocolate, Strawberry, Fudge"
shamanic_otter,"Chocolate, Mocha, Fudge"
dirtyfaced_flee,"Vanilla, Strawberry, Rocky Road"
registerable_shelduck,"Vanilla, Strawberry, Fudge"
gaseous_desertpupfish,"Vanilla, Mocha, Fudge"
dainty_unau,"Vanilla, Pistachio, Mocha"
snoopy_africanaugurbuzzard,"Chocolate, Pistachio, Fudge"
chosen_pittabird,"Vanilla, Strawberry, Mocha"
bairnly_beauceron,"Chocolate, Strawberry, Fudge"
etymologic_bubblefish,"Vanilla, Fudge, Mocha"
assiduous_bobcat,"Vanilla, Fudge, Strawberry"
unalphabetical_grub,"Vanilla, Mocha, Pistachio"
semantic_quadrisectus,"Vanilla, Rocky Road, Fudge"
underage_ballpython,"Chocolate, Mocha, Fudge"
unlight_wattlebird,"Vanilla, Mocha, Fudge"
exploding_raccoon,"Chocolate, Pistachio, Mocha"
fermentable_chafer,"Vanilla, Pistachio, Strawberry"
animalistic_queenalexandrasbirdwingbutterfly,"Vanilla, Fudge, Strawberry"
astrobiological_swordfish,"Chocolate, Pistachio, Rocky Road"
quasischolastic_ibex,"Chocolate, Pistachio, Mocha"
castoff_dobermanpinscher,"Vanilla, Rocky Road, Fudge"
furred_canadagoose,"Vanilla, Pistachio, Mocha"
karmic_nyala,"Vanilla, Pistachio, Mocha"
chiselled_velvetcrab,"Chocolate, Strawberry, Pistachio"
flavoury_brant,"Vanilla, Strawberry, Pistachio"
transparent_harvestmen,"Vanilla, Fudge, Rocky Road"
automatic_quahog,"Vanilla, Strawberry, Pistachio"
egoistic_bluebreastedkookaburra,"Vanilla, Rocky Road, Strawberry"
unsympathetic_gourami,"Vanilla, Rocky Road, Pistachio"
pleased_gangesdolphin,"Chocolate, Rocky Road, Mocha"
flattish_limpet,"Vanilla, Rocky Road, Mocha"
potty_galapagospenguin,"Chocolate, Rocky Road, Mocha"
redoubtable_hog,"Chocolate, Mocha, Rocky Road"
foggy_coelacanth,"Vanilla, Pistachio, Strawberry"
strontium_bluebottlejellyfish,"Vanilla, Fudge, Strawberry"
cerise_barnowl,"Vanilla, Pistachio, Mocha"
crystalloidal_germanshepherd,"Vanilla, Strawberry, Rocky Road"
bonny_agama,"Chocolate, Rocky Road, Pistachio"
nonmystic_chihuahua,"Vanilla, Pistachio, Fudge"
tin_waterbuck,"Chocolate, Mocha, Pistachio"
asteria_carp,"Vanilla, Pistachio, Mocha"
unlightened_ferret,"Chocolate, Strawberry, Pistachio"
unaccepted_indianspinyloach,"Vanilla, Fudge, Strawberry"
horrendous_martin,"Vanilla, Strawberry, Pistachio"
diamantiferous_tapaculo,"Vanilla, Rocky Road, Strawberry"
gnatty_indianhare,"Vanilla, Rocky Road, Pistachio"
unfrightening_tick,"Vanilla, Strawberry, Fudge"
able_isabellineshrike,"Vanilla, Strawberry, Mocha"
terroristic_americanratsnake,"Vanilla, Pistachio, Strawberry"
decidophobic_rhea,"Vanilla, Pistachio, Strawberry"
honeysweet_avocet,"Vanilla, Strawberry, Pistachio"
antioptimistic_cicada,"Vanilla, Fudge, Mocha"
middleclass_banteng,"Chocolate, Rocky Road, Mocha"
watchful_goldfinch,"Chocolate, Pistachio, Strawberry"
sharpset_jumpingbean,"Chocolate, Rocky Road, Fudge"
gerascophobic_maltesedog,"Vanilla, Pistachio, Strawberry"
subpentagonal_nabarlek,"Chocolate, Rocky Road, Pistachio"
arboricultural_bluewhale,"Vanilla, Rocky Road, Fudge"
webby_mollusk,"Vanilla, Fudge, Pistachio"
interartistic_brahmancow,"Vanilla, Rocky Road, Mocha"
hypersaintly_lark,"Vanilla, Rocky Road, Mocha"
uncivic_anglerfish,"Vanilla, Rocky Road, Strawberry"
facile_seaslug,"Vanilla, Rocky Road, Mocha"
chorographical_creature,"Vanilla, Mocha, Rocky Road"
refractional_hartebeest,"Vanilla, Pistachio, Strawberry"
doomed_wireworm,"Chocolate, Fudge, Pistachio"
likely_indianjackal,"Chocolate, Pistachio, Strawberry"
nonglacial_africanclawedfrog,"Vanilla, Mocha, Pistachio"
metamorphous_nag,"Vanilla, Rocky Road, Pistachio"
uptight_appaloosa,"Chocolate, Rocky Road, Mocha"
nonblack_coqui,"Vanilla, Strawberry, Pistachio"
scorpaenoid_inganue,"Chocolate, Rocky Road, Fudge"
grisly_amurratsnake,"Vanilla, Mocha, Strawberry"
grave_dogwoodtwigborer,"Chocolate, Mocha, Fudge"
cinematic_prairiedog,"Vanilla, Pistachio, Fudge"
ethological_cur,"Vanilla, Strawberry, Mocha"
materialistic_degus,"Chocolate, Mocha, Pistachio"
tigerseye_giraffe,"Chocolate, Fudge, Pistachio"
previgilant_marabou,"Vanilla, Strawberry, Pistachio"
snowcapped_hamadryad,"Chocolate, Strawberry, Fudge"
snappy_astarte,"Vanilla, Strawberry, Pistachio"
suspicious_queenconch,"Vanilla, Fudge, Rocky Road"
gorgeable_urchin,"Vanilla, Rocky Road, Pistachio"
saddening_mongoose,"Vanilla, Rocky Road, Pistachio"
plutonium_beardeddragon,"Chocolate, Mocha, Pistachio"
uninteresting_baboon,"Vanilla, Fudge, Rocky Road"
armoured_adamsstaghornedbeetle,"Vanilla, Pistachio, Mocha"
weighted_beetle,"Vanilla, Fudge, Pistachio"
unwashed_cockatoo,"Vanilla, Strawberry, Rocky Road"
runtish_silverfox,"Chocolate, Strawberry, Fudge"
ruddy_iguanodon,"Vanilla, Fudge, Strawberry"
sibling_kangaroo,"Chocolate, Pistachio, Mocha"
carbasus_watussi,"Chocolate, Pistachio, Strawberry"
entire_monoclonius,"Vanilla, Mocha, Strawberry"
carping_civet,"Chocolate, Fudge, Mocha"
curved_goral,"Chocolate, Strawberry, Rocky Road"
clay_springtail,"Vanilla, Fudge, Mocha"
abiotic_rhinocerosbeetle,"Vanilla, Mocha, Strawberry"
flaming_quagga,"Chocolate, Fudge, Strawberry"
nonfireproof_dikdik,"Vanilla, Pistachio, Rocky Road"
independent_swallow,"Chocolate, Mocha, Fudge"
nonsolicitous_chimpanzee,"Vanilla, Strawberry, Pistachio"
antimonarchistic_hapuka,"Chocolate, Fudge, Strawberry"
stegophilic_asianconstablebutterfly,"Vanilla, Rocky Road, Strawberry"
ultrafaultless_stag,"Vanilla, Pistachio, Fudge"
einsteinium_ekaltadeta,"Chocolate, Strawberry, Fudge"
azure_africanporcupine,"Vanilla, Pistachio, Strawberry"
festive_zenaida,"Vanilla, Fudge, Pistachio"
uncalorific_cub,"Chocolate, Fudge, Rocky Road"
semipolitical_tapaculo,"Vanilla, Pistachio, Mocha"
quartz_wrasse,"Vanilla, Fudge, Pistachio"
superluxurious_noolbenger,"Chocolate, Pistachio, Mocha"
artless_mamba,"Chocolate, Mocha, Rocky Road"
pugnacious_kestrel,"Vanilla, Strawberry, Mocha"
followable_quahog,"Vanilla, Rocky Road, Strawberry"
responsive_massasauga,"Chocolate, Strawberry, Rocky Road"
vertical_pacificparrotlet,"Vanilla, Mocha, Rocky Road"
nonmagnetic_loon,"Vanilla, Pistachio, Mocha"
bland_fossa,"Chocolate, Mocha, Pistachio"
balneological_muskox,"Vanilla, Pistachio, Mocha"
inappropriate_attwatersprairiechicken,"Chocolate, Fudge, Pistachio"
freakish_vulpesvulpes,"Vanilla, Rocky Road, Strawberry"
impolite_indianskimmer,"Vanilla, Fudge, Pistachio"
inextinguishable_metamorphosis,"Chocolate, Mocha, Fudge"
clippable_africanrockpython,"Chocolate, Pistachio, Mocha"
wood_irukandjijellyfish,"Vanilla, Rocky Road, Fudge"
controversial_xrayfish,"Chocolate, Fudge, Pistachio"
commonsensible_americancrow,"Chocolate, Pistachio, Mocha"
interspinal_sanderling,"Chocolate, Strawberry, Rocky Road"
lawlike_dragon,"Chocolate, Strawberry, Fudge"
nonpsychoanalytical_velvetworm,"Chocolate, Rocky Road, Pistachio"
godless_avocet,"Vanilla, Fudge, Mocha"
hyperintelligent_bufflehead,"Vanilla, Pistachio, Mocha"
probable_kronosaurus,"Vanilla, Strawberry, Fudge"
immobile_horse,"Vanilla, Strawberry, Fudge"
existential_reptile,"Vanilla, Pistachio, Fudge"
quasipolitical_peccary,"Vanilla, Fudge, Pistachio"
dodecasyllabic_grouse,"Chocolate, Fudge, Mocha"
discretional_springtail,"Chocolate, Pistachio, Fudge"
supportive_wreckfish,"Vanilla, Fudge, Rocky Road"
corporative_wuerhosaurus,"Vanilla, Mocha, Strawberry"
unfashionable_pekingese,"Vanilla, Fudge, Pistachio"
snugging_nag,"Vanilla, Mocha, Pistachio"
unacidic_zopilote,"Chocolate, Pistachio, Mocha"
straightforward_tegus,"Chocolate, Rocky Road, Fudge"
antagonisable_americancreamdraft,"Chocolate, Fudge, Rocky Road"
checked_wireworm,"Vanilla, Fudge, Mocha"
sunny_oropendola,"Vanilla, Pistachio, Rocky Road"
shady_jaguar,"Chocolate, Fudge, Mocha"
molybdenite_leech,"Chocolate, Fudge, Rocky Road"
paranormal_bengaltiger,"Vanilla, Fudge, Mocha"
southeastward_harvestmouse,"Chocolate, Mocha, Rocky Road"
wieldy_icelandgull,"Vanilla, Pistachio, Fudge"
arid_cub,"Vanilla, Mocha, Strawberry"
framable_rabbit,"Vanilla, Fudge, Strawberry"
disingenuous_snowmonkey,"Chocolate, Strawberry, Rocky Road"
coverable_fanworms,"Vanilla, Mocha, Pistachio"
goodtempered_eastsiberianlaika,"Chocolate, Rocky Road, Mocha"
meagre_cero,"Vanilla, Rocky Road, Strawberry"
snowcapped_boar,"Chocolate, Rocky Road, Fudge"
bottlegreen_sableantelope,"Vanilla, Strawberry, Fudge"
velour_asianporcupine,"Vanilla, Fudge, Pistachio"
highclass_snowleopard,"Vanilla, Mocha, Strawberry"
venomous_serval,"Chocolate, Rocky Road, Mocha"
unpsychopathic_frilledlizard,"Vanilla, Rocky Road, Strawberry"
unthanking_woodstorks,"Chocolate, Rocky Road, Mocha"
endocrinopathic_curassow,"Vanilla, Pistachio, Fudge"
wellknown_gemsbuck,"Vanilla, Mocha, Strawberry"
enjambed_lynx,"Chocolate, Strawberry, Rocky Road"
apprehensive_marbledmurrelet,"Chocolate, Rocky Road, Fudge"
prodemocrat_hog,"Vanilla, Strawberry, Mocha"
highbred_urchin,"Chocolate, Pistachio, Strawberry"
uncrystalled_tomtit,"Vanilla, Pistachio, Fudge"
protactium_giraffe,"Vanilla, Rocky Road, Fudge"
earthbound_dikkops,"Chocolate, Strawberry, Fudge"
revengeful_megaraptor,"Chocolate, Rocky Road, Strawberry"
affirmative_abalone,"Vanilla, Fudge, Rocky Road"
extravertive_iberianbarbel,"Vanilla, Rocky Road, Pistachio"
semitheatrical_koi,"Chocolate, Fudge, Mocha"
glass_inexpectatumpleco,"Vanilla, Rocky Road, Fudge"
tacky_salmon,"Vanilla, Pistachio, Mocha"
patronal_axisdeer,"Chocolate, Pistachio, Mocha"
gnarly_americanmarten,"Vanilla, Mocha, Pistachio"
blamable_jackrabbit,"Chocolate, Mocha, Rocky Road"
unlightened_nematode,"Chocolate, Strawberry, Mocha"
ironical_sidewinder,"Chocolate, Strawberry, Rocky Road"
subpyramidal_baldeagle,"Vanilla, Pistachio, Fudge"
nondemocratic_azurevasesponge,"Chocolate, Mocha, Rocky Road"
bacciform_antelope,"Vanilla, Fudge, Pistachio"
abducent_gecko,"Chocolate, Strawberry, Rocky Road"
electrocardiographic_spoonbill,"Vanilla, Mocha, Fudge"
coldblooded_kite,"Vanilla, Mocha, Strawberry"
unarmed_hagfish,"Chocolate, Strawberry, Mocha"
acidophobic_purplemarten,"Chocolate, Mocha, Strawberry"
crusty_tapir,"Vanilla, Pistachio, Strawberry"
smileless_diamondbackrattlesnake,"Chocolate, Fudge, Rocky Road"
cretaceous_camel,"Vanilla, Fudge, Rocky Road"
chorographical_krill,"Vanilla, Strawberry, Pistachio"
especial_bordercollie,"Vanilla, Pistachio, Strawberry"
lacquerware_abyssiniancat,"Chocolate, Pistachio, Mocha"
pubescent_parakeet,"Vanilla, Rocky Road, Fudge"
farsighted_archaeocete,"Chocolate, Strawberry, Rocky Road"
frosty_ibex,"Chocolate, Pistachio, Fudge"
uncategorised_zeren,"Vanilla, Rocky Road, Strawberry"
literal_kinkajou,"Vanilla, Mocha, Pistachio"
wellpoliced_dormouse,"Vanilla, Rocky Road, Mocha"
paleopsychological_wreckfish,"Vanilla, Mocha, Strawberry"
overluxurious_bats,"Vanilla, Pistachio, Strawberry"
ready_drever,"Chocolate, Rocky Road, Strawberry"
pseudoscholastic_eel,"Chocolate, Fudge, Rocky Road"
convectional_alpaca,"Vanilla, Pistachio, Rocky Road"
disliked_amethystgemclam,"Chocolate, Fudge, Rocky Road"
unaroused_redstart,"Vanilla, Fudge, Rocky Road"
caffeinated_arieltoucan,"Chocolate, Strawberry, Pistachio"
fungal_tarsier,"Vanilla, Strawberry, Fudge"
capitalist_rainbowfish,"Chocolate, Mocha, Fudge"
unrefrigerated_asiaticmouflon,"Chocolate, Rocky Road, Fudge"
curmudgeonly_asiandamselfly,"Vanilla, Rocky Road, Fudge"
loveable_mare,"Vanilla, Pistachio, Mocha"
addlebrained_chickadee,"Chocolate, Pistachio, Rocky Road"
florid_walkingstick,"Vanilla, Strawberry, Rocky Road"
companionable_cassowary,"Vanilla, Mocha, Pistachio"
crass_waterbuck,"Chocolate, Fudge, Mocha"
uncongested_kingsnake,"Chocolate, Strawberry, Pistachio"
distractible_bichonfrise,"Vanilla, Strawberry, Rocky Road"
ferreous_cock,"Vanilla, Rocky Road, Pistachio"
petit_shelduck,"Vanilla, Pistachio, Rocky Road"
genuine_ptarmigan,"Chocolate, Strawberry, Rocky Road"
bloated_hamadryas,"Vanilla, Strawberry, Pistachio"
hydrometallurgical_bushsqueaker,"Vanilla, Rocky Road, Fudge"
rosy_bee,"Vanilla, Pistachio, Mocha"
enharmonic_indianabat,"Vanilla, Rocky Road, Mocha"
interlibrary_katydid,"Vanilla, Rocky Road, Mocha"
precrystalline_hapuku,"Vanilla, Rocky Road, Mocha"
tangled_egg,"Vanilla, Strawberry, Mocha"
shapable_xenops,"Chocolate, Rocky Road, Strawberry"
undenominated_galapagoshawk,"Vanilla, Pistachio, Mocha"
trisyllabic_tick,"Chocolate, Pistachio, Rocky Road"
irresponsible_flycatcher,"Chocolate, Pistachio, Rocky Road"
uncrystalline_aidi,"Chocolate, Rocky Road, Fudge"
zinnwaldite_hummingbird,"Vanilla, Rocky Road, Mocha"
soaplike_americanbobtail,"Vanilla, Rocky Road, Mocha"
diamantine_americancicada,"Vanilla, Rocky Road, Pistachio"
pseudoconservative_mockingbird,"Chocolate, Mocha, Fudge"
establishmentarian_crownofthornsstarfish,"Chocolate, Fudge, Strawberry"
fun_yearling,"Vanilla, Rocky Road, Strawberry"
baryte_molly,"Vanilla, Rocky Road, Mocha"
banal_yellowbellylizard,"Chocolate, Pistachio, Fudge"
smoothtongued_neonrainbowfish,"Chocolate, Rocky Road, Mocha"
ignorant_xenops,"Vanilla, Strawberry, Fudge"
fruited_bird,"Vanilla, Strawberry, Pistachio"
undercoloured_azurevase,"Chocolate, Pistachio, Rocky Road"
average_sow,"Chocolate, Mocha, Pistachio"
neutered_hedgehog,"Chocolate, Pistachio, Strawberry"
sublimational_snowmonkey,"Vanilla, Mocha, Fudge"
subtriangular_jenny,"Chocolate, Rocky Road, Fudge"
feral_hermitcrab,"Vanilla, Fudge, Pistachio"
roguish_lowchen,"Chocolate, Fudge, Mocha"
pisciform_gyrfalcon,"Vanilla, Fudge, Mocha"
chorographic_yellowlegs,"Chocolate, Mocha, Strawberry"
blackcoated_buzzard,"Vanilla, Mocha, Pistachio"
stainable_sulphurbutterfly,"Chocolate, Strawberry, Pistachio"
usual_sow,"Vanilla, Fudge, Pistachio"
acute_greyhounddog,"Chocolate, Fudge, Mocha"
dicey_zanzibardaygecko,"Vanilla, Pistachio, Fudge"
feudalist_seabird,"Chocolate, Strawberry, Pistachio"
sick_hylaeosaurus,"Chocolate, Mocha, Rocky Road"
front_leafcutterant,"Vanilla, Fudge, Mocha"
miserly_loggerheadturtle,"Vanilla, Strawberry, Rocky Road"
cobwebby_guppy,"Vanilla, Fudge, Strawberry"
dotted_alaskanmalamute,"Vanilla, Rocky Road, Strawberry"
definable_quinquespinosus,"Chocolate, Strawberry, Mocha"
cataclysmic_sunbear,"Vanilla, Strawberry, Rocky Road"
unkempt_lamprey,"Chocolate, Strawberry, Fudge"
captivative_waterboatman,"Chocolate, Rocky Road, Fudge"
lead_bat,"Vanilla, Rocky Road, Mocha"
unimaginative_ilsamochadegu,"Vanilla, Rocky Road, Pistachio"
unpolitical_bufflehead,"Vanilla, Strawberry, Fudge"
obese_dowitcher,"Vanilla, Strawberry, Mocha"
tonguetied_barebirdbat,"Chocolate, Strawberry, Rocky Road"
extroverted_bandicoot,"Chocolate, Mocha, Fudge"
scotophobic_polecat,"Chocolate, Pistachio, Mocha"
voodooistic_hake,"Chocolate, Fudge, Pistachio"
coseys_blacklemur,"Vanilla, Pistachio, Rocky Road"
sensitive_dinosaur,"Chocolate, Strawberry, Rocky Road"
ununbium_herring,"Vanilla, Strawberry, Pistachio"
audiophilic_aztecant,"Chocolate, Rocky Road, Strawberry"
disgraceful_aquaticleech,"Chocolate, Mocha, Rocky Road"
aforementioned_hapuku,"Chocolate, Strawberry, Rocky Road"
antipestilential_catbird,"Chocolate, Fudge, Rocky Road"
crystalline_imperatorangel,"Vanilla, Fudge, Mocha"
shapeable_flyingfox,"Chocolate, Strawberry, Pistachio"
gynephilic_xuanhuasaurus,"Vanilla, Rocky Road, Mocha"
coyish_islandwhistler,"Chocolate, Rocky Road, Strawberry"
countrified_rhinoceros,"Chocolate, Mocha, Strawberry"
wicked_easternnewt,"Vanilla, Mocha, Strawberry"
half_nightingale,"Vanilla, Mocha, Strawberry"
heretical_hyena,"Vanilla, Strawberry, Mocha"
shadowed_teal,"Vanilla, Mocha, Pistachio"
bioecological_arabianhorse,"Chocolate, Pistachio, Fudge"
overjoyed_phoenix,"Chocolate, Pistachio, Strawberry"
fermentable_duckbillplatypus,"Chocolate, Fudge, Rocky Road"
nutlike_finch,"Vanilla, Mocha, Rocky Road"
dynamic_germanshorthairedpointer,"Chocolate, Pistachio, Strawberry"
delighted_finch,"Vanilla, Strawberry, Mocha"
silvery_harrier,"Chocolate, Rocky Road, Mocha"
polar_andalusianhorse,"Vanilla, Fudge, Pistachio"
semiparalyzed_anglerfish,"Chocolate, Rocky Road, Pistachio"
effaceable_southernhairnosedwombat,"Chocolate, Rocky Road, Pistachio"
late_goitered,"Vanilla, Fudge, Strawberry"
angstridden_wrasse,"Chocolate, Strawberry, Fudge"
ecological_antelopegroundsquirrel,"Chocolate, Mocha, Rocky Road"
expeditionary_indochinahogdeer,"Chocolate, Mocha, Pistachio"
monumental_englishpointer,"Chocolate, Fudge, Rocky Road"
reclining_imago,"Chocolate, Rocky Road, Mocha"
diplocardiac_bobwhite,"Vanilla, Strawberry, Fudge"
ellipsoidal_peafowl,"Chocolate, Mocha, Fudge"
efficacious_dorado,"Chocolate, Strawberry, Rocky Road"
reserved_archerfish,"Chocolate, Pistachio, Rocky Road"
resalable_tragopan,"Vanilla, Fudge, Rocky Road"
statistical_cuckoo,"Vanilla, Mocha, Strawberry"
paragonita_ungulate,"Vanilla, Mocha, Rocky Road"
unconstitutional_elephantbeetle,"Chocolate, Pistachio, Mocha"
interlibrary_crocodile,"Vanilla, Strawberry, Rocky Road"
personal_fairyfly,"Vanilla, Rocky Road, Pistachio"
olericultural_americanalligator,"Vanilla, Pistachio, Strawberry"
empiristic_yellowlegs,"Chocolate, Fudge, Mocha"
polymorphonuclear_alleycat,"Vanilla, Fudge, Mocha"
rough_flickertailsquirrel,"Chocolate, Pistachio, Fudge"
expensive_orangutan,"Chocolate, Fudge, Mocha"
wispy_dutchsmoushond,"Chocolate, Rocky Road, Mocha"
protective_adouri,"Vanilla, Strawberry, Fudge"
spectacular_atlasmoth,"Chocolate, Fudge, Pistachio"
preliterary_littlenightmonkeys,"Chocolate, Fudge, Mocha"
tabarded_warbler,"Chocolate, Strawberry, Fudge"
wornout_pittabird,"Vanilla, Rocky Road, Mocha"
farseeing_woodchuck,"Chocolate, Fudge, Pistachio"
veryblue_halibut,"Vanilla, Fudge, Rocky Road"
former_elephantseal,"Vanilla, Pistachio, Strawberry"
heartstricken_wolfspider,"Vanilla, Fudge, Rocky Road"
ambisyllabic_dikkops,"Vanilla, Strawberry, Mocha"
super_adamsstaghornedbeetle,"Vanilla, Pistachio, Rocky Road"
semirebellious_waxwing,"Vanilla, Mocha, Fudge"
highfaluting_rattlesnake,"Chocolate, Pistachio, Rocky Road"
homeopathic_angwantibo,"Vanilla, Fudge, Rocky Road"
checkered_banteng,"Vanilla, Fudge, Rocky Road"
effusive_redpoll,"Vanilla, Pistachio, Mocha"
exploitative_hydatidtapeworm,"Chocolate, Strawberry, Pistachio"
unexperimental_tadpole,"Chocolate, Mocha, Rocky Road"
matricidal_manatee,"Chocolate, Rocky Road, Mocha"
adorable_redheadedwoodpecker,"Chocolate, Mocha, Fudge"
effigial_pronghorn,"Chocolate, Strawberry, Mocha"
wroughtiron_emeraldtreeskink,"Vanilla, Rocky Road, Fudge"
preggers_genet,"Chocolate, Rocky Road, Strawberry"
unwealthy_americanwirehair,"Vanilla, Mocha, Pistachio"
disastrous_adouri,"Chocolate, Fudge, Pistachio"
piperaceous_xiphosuran,"Vanilla, Pistachio, Strawberry"
skeletonlike_tegus,"Vanilla, Pistachio, Fudge"
paleobiological_ichthyosaurs,"Vanilla, Mocha, Rocky Road"
attentive_europeanpolecat,"Vanilla, Mocha, Pistachio"
unhumanitarian_albatross,"Chocolate, Mocha, Fudge"
touristy_killifish,"Vanilla, Rocky Road, Pistachio"
nondeadly_dikkops,"Chocolate, Pistachio, Mocha"
floristic_agama,"Chocolate, Rocky Road, Fudge"
bloodsucking_myna,"Chocolate, Rocky Road, Mocha"
nonzoologic_ambushbug,"Vanilla, Rocky Road, Mocha"
demented_hound,"Vanilla, Mocha, Strawberry"
lyrical_catfish,"Chocolate, Rocky Road, Strawberry"
erasable_mongoose,"Vanilla, Fudge, Rocky Road"
uncreative_rodent,"Vanilla, Mocha, Pistachio"
unfoolish_plover,"Vanilla, Strawberry, Pistachio"
gorgeable_ringtailedlemur,"Vanilla, Rocky Road, Fudge"
pseudoreligious_wallaby,"Chocolate, Mocha, Fudge"
hexametral_swellfish,"Chocolate, Fudge, Rocky Road"
lemuroid_martin,"Chocolate, Pistachio, Strawberry"
aphidian_easteuropeanshepherd,"Chocolate, Fudge, Rocky Road"
semimagical_shark,"Chocolate, Pistachio, Rocky Road"
retired_betafish,"Vanilla, Mocha, Pistachio"
rejoiceful_mustang,"Vanilla, Fudge, Pistachio"
plaid_thrasher,"Vanilla, Fudge, Rocky Road"
hemihedral_aquaticleech,"Vanilla, Pistachio, Rocky Road"
microbic_argusfish,"Chocolate, Fudge, Pistachio"
overparticular_polyp,"Vanilla, Fudge, Pistachio"
gigantic_rhino,"Vanilla, Fudge, Pistachio"
dovish_longhornbeetle,"Chocolate, Strawberry, Mocha"
taxidermal_atlanticridleyturtle,"Chocolate, Strawberry, Pistachio"
solidifiable_douglasfirbarkbeetle,"Vanilla, Fudge, Mocha"
nonspinal_massospondylus,"Vanilla, Pistachio, Rocky Road"
semidry_xantusmurrelet,"Vanilla, Fudge, Rocky Road"
conspiratorial_rainbowlorikeet,"Vanilla, Mocha, Pistachio"
earthly_beagle,"Vanilla, Fudge, Mocha"
edgy_irishdraughthorse,"Vanilla, Rocky Road, Fudge"
pseudopsychological_goldenmantledgroundsquirrel,"Vanilla, Rocky Road, Mocha"
prophesiable_xuanhuaceratops,"Vanilla, Strawberry, Fudge"
robust_equestrian,"Vanilla, Pistachio, Strawberry"
pixyish_pupfish,"Chocolate, Strawberry, Rocky Road"
leftist_waxwing,"Chocolate, Rocky Road, Pistachio"
conscious_gerbil,"Vanilla, Strawberry, Mocha"
selenium_addax,"Vanilla, Pistachio, Fudge"
cosmographical_teledu,"Chocolate, Strawberry, Rocky Road"
contortioned_python,"Vanilla, Strawberry, Fudge"
hessian_velvetcrab,"Vanilla, Pistachio, Fudge"
ultratropical_hart,"Chocolate, Pistachio, Fudge"
hexahedral_hen,"Vanilla, Strawberry, Rocky Road"
nonagrarian_hochstettersfrog,"Chocolate, Fudge, Rocky Road"
revered_ibisbill,"Vanilla, Pistachio, Rocky Road"
thinnish_tayra,"Chocolate, Strawberry, Rocky Road"
tenuous_tuna,"Vanilla, Pistachio, Mocha"
antimonarchy_kingfisher,"Vanilla, Rocky Road, Pistachio"
remittable_mara,"Chocolate, Strawberry, Mocha"
cottony_dorking,"Chocolate, Pistachio, Strawberry"
ammonitoid_bichonfrise,"Chocolate, Mocha, Fudge"
squirrellike_bergerpicard,"Vanilla, Fudge, Strawberry"
ondontophobic_spoonbill,"Vanilla, Pistachio, Mocha"
mega_atlanticsharpnosepuffer,"Chocolate, Strawberry, Pistachio"
wedded_africanharrierhawk,"Vanilla, Strawberry, Pistachio"
holohedral_kissingbug,"Vanilla, Fudge, Mocha"
indigenous_dobermanpinscher,"Chocolate, Pistachio, Mocha"
botchy_nettlefish,"Vanilla, Fudge, Pistachio"
revolutionary_lobster,"Vanilla, Pistachio, Rocky Road"
proabolition_garpike,"Chocolate, Fudge, Pistachio"
departmental_arabianoryx,"Vanilla, Fudge, Pistachio"
adorable_icelandichorse,"Vanilla, Rocky Road, Strawberry"
enraged_harpyeagle,"Vanilla, Strawberry, Pistachio"
deferable_oryx,"Chocolate, Pistachio, Strawberry"
operose_turnstone,"Vanilla, Strawberry, Pistachio"
taupe_monkfish,"Chocolate, Pistachio, Mocha"
nonprophetical_honeybee,"Vanilla, Fudge, Rocky Road"
armourclad_puppy,"Chocolate, Strawberry, Fudge"
curdy_woollybearcaterpillar,"Chocolate, Mocha, Fudge"
iced_queenant,"Vanilla, Rocky Road, Mocha"
sacrilegious_halibut,"Chocolate, Rocky Road, Pistachio"
ratlike_barnowl,"Vanilla, Pistachio, Mocha"
consecutive_titi,"Chocolate, Mocha, Strawberry"
duskish_siberiantiger,"Chocolate, Fudge, Strawberry"
disinherited_mullet,"Vanilla, Rocky Road, Fudge"
judgmental_xuanhanosaurus,"Vanilla, Mocha, Strawberry"
intense_ibadanmalimbe,"Vanilla, Mocha, Fudge"
carboniferous_frenchbulldog,"Chocolate, Strawberry, Pistachio"
centrifugal_hapuka,"Chocolate, Mocha, Fudge"
deathlike_germanspaniel,"Vanilla, Fudge, Pistachio"
compatriotic_grayling,"Vanilla, Rocky Road, Fudge"
elaborate_seaslug,"Chocolate, Rocky Road, Strawberry"
floaty_quail,"Chocolate, Rocky Road, Fudge"
gymnastic_southernhairnosedwombat,"Chocolate, Rocky Road, Fudge"
tragic_hypsilophodon,"Vanilla, Rocky Road, Strawberry"
uninspired_sugarglider,"Chocolate, Fudge, Pistachio"
scarred_atlanticblackgoby,"Chocolate, Fudge, Rocky Road"
mousey_commongonolek,"Vanilla, Rocky Road, Strawberry"
hated_argusfish,"Vanilla, Pistachio, Mocha"
amethyst_grayreefshark,"Vanilla, Rocky Road, Mocha"
destructive_crossbill,"Chocolate, Mocha, Pistachio"
shaven_imperialeagle,"Vanilla, Rocky Road, Strawberry"
clumpish_halibut,"Vanilla, Pistachio, Strawberry"
semiintellectual_springbok,"Vanilla, Mocha, Fudge"
uncategorised_imperatorangel,"Vanilla, Rocky Road, Fudge"
windy_ankolewatusi,"Chocolate, Rocky Road, Pistachio"
finicky_manxcat,"Vanilla, Rocky Road, Strawberry"
priceless_quokka,"Chocolate, Strawberry, Rocky Road"
pyrocrystalline_newfoundlanddog,"Chocolate, Pistachio, Strawberry"
chiasmic_pullet,"Chocolate, Pistachio, Rocky Road"
polarized_pacificparrotlet,"Chocolate, Pistachio, Rocky Road"
biodegradable_queenconch,"Chocolate, Pistachio, Mocha"
aviophobic_iberianmole,"Chocolate, Strawberry, Fudge"
dapper_iridescentshark,"Chocolate, Mocha, Pistachio"
wearable_cockroach,"Chocolate, Rocky Road, Mocha"
metapsychological_northernfurseal,"Vanilla, Mocha, Pistachio"
epidemic_vervet,"Vanilla, Rocky Road, Pistachio"
disputable_perch,"Chocolate, Mocha, Fudge"
strong_tigershark,"Chocolate, Fudge, Rocky Road"
autophobic_karakul,"Chocolate, Fudge, Pistachio"
anticlimactic_gonolek,"Vanilla, Strawberry, Rocky Road"
anecdotal_ammonite,"Chocolate, Fudge, Mocha"
illaffected_mudpuppy,"Chocolate, Strawberry, Mocha"
coyish_finwhale,"Chocolate, Fudge, Mocha"
